<?xml version="1.0" encoding="UTF-8"?>
<project-private xmlns="http://www.netbeans.org/ns/project-private/1">
    <editor-bookmarks xmlns="http://www.netbeans.org/ns/editor-bookmarks/2" lastBookmarkId="0"/>
    <open-files xmlns="http://www.netbeans.org/ns/projectui-open-files/2">
        <group>
            <file>file:/D:/Mahadi_Hasan_JEE/project%20own/JavaProject%20in%20Swing/POS-JAVA-Netbeans-MySql-master/POS-JAVA-Netbeans-MySql-master/POS-System-1.1/POS-System-1.1/pos%20pro/src/pos/pro/Home.java</file>
            <file>file:/D:/Mahadi_Hasan_JEE/project%20own/JavaProject%20in%20Swing/POS-JAVA-Netbeans-MySql-master/POS-JAVA-Netbeans-MySql-master/POS-System-1.1/POS-System-1.1/pos%20pro/src/pos/pro/product.java</file>
            <file>file:/D:/Mahadi_Hasan_JEE/project%20own/JavaProject%20in%20Swing/POS-JAVA-Netbeans-MySql-master/POS-JAVA-Netbeans-MySql-master/POS-System-1.1/POS-System-1.1/pos%20pro/src/pos/pro/customer.java</file>
        </group>
    </open-files>
</project-private>
